{"meta":{"version":1,"warehouse":"5.0.0"},"models":{"Asset":[{"_id":"themes/hexo-theme-cactus/source/css/rtl.styl","path":"css/rtl.styl","modified":0,"renderable":1},{"_id":"themes/hexo-theme-cactus/source/css/style.styl","path":"css/style.styl","modified":0,"renderable":1},{"_id":"themes/hexo-theme-cactus/source/images/apple-touch-icon.png","path":"images/apple-touch-icon.png","modified":0,"renderable":1},{"_id":"themes/hexo-theme-cactus/source/images/favicon-192x192.png","path":"images/favicon-192x192.png","modified":0,"renderable":1},{"_id":"themes/hexo-theme-cactus/source/images/favicon.ico","path":"images/favicon.ico","modified":0,"renderable":1},{"_id":"themes/hexo-theme-cactus/source/images/logo.png","path":"images/logo.png","modified":0,"renderable":1},{"_id":"themes/hexo-theme-cactus/source/js/main.js","path":"js/main.js","modified":0,"renderable":1},{"_id":"themes/hexo-theme-cactus/source/js/search.js","path":"js/search.js","modified":0,"renderable":1},{"_id":"themes/hexo-theme-cactus/source/lib/clipboard/clipboard.min.js","path":"lib/clipboard/clipboard.min.js","modified":0,"renderable":1},{"_id":"themes/hexo-theme-cactus/source/lib/jquery/jquery.min.js","path":"lib/jquery/jquery.min.js","modified":0,"renderable":1},{"_id":"themes/hexo-theme-cactus/source/lib/meslo-LG/MesloLGL-Bold.ttf","path":"lib/meslo-LG/MesloLGL-Bold.ttf","modified":0,"renderable":1},{"_id":"themes/hexo-theme-cactus/source/lib/meslo-LG/MesloLGL-BoldItalic.ttf","path":"lib/meslo-LG/MesloLGL-BoldItalic.ttf","modified":0,"renderable":1},{"_id":"themes/hexo-theme-cactus/source/lib/meslo-LG/MesloLGL-Italic.ttf","path":"lib/meslo-LG/MesloLGL-Italic.ttf","modified":0,"renderable":1},{"_id":"themes/hexo-theme-cactus/source/lib/meslo-LG/MesloLGL-Regular.ttf","path":"lib/meslo-LG/MesloLGL-Regular.ttf","modified":0,"renderable":1},{"_id":"themes/hexo-theme-cactus/source/lib/meslo-LG/MesloLGM-Bold.ttf","path":"lib/meslo-LG/MesloLGM-Bold.ttf","modified":0,"renderable":1},{"_id":"themes/hexo-theme-cactus/source/lib/meslo-LG/MesloLGM-BoldItalic.ttf","path":"lib/meslo-LG/MesloLGM-BoldItalic.ttf","modified":0,"renderable":1},{"_id":"themes/hexo-theme-cactus/source/lib/meslo-LG/MesloLGM-Italic.ttf","path":"lib/meslo-LG/MesloLGM-Italic.ttf","modified":0,"renderable":1},{"_id":"themes/hexo-theme-cactus/source/lib/meslo-LG/MesloLGM-Regular.ttf","path":"lib/meslo-LG/MesloLGM-Regular.ttf","modified":0,"renderable":1},{"_id":"themes/hexo-theme-cactus/source/lib/meslo-LG/MesloLGS-Bold.ttf","path":"lib/meslo-LG/MesloLGS-Bold.ttf","modified":0,"renderable":1},{"_id":"themes/hexo-theme-cactus/source/lib/meslo-LG/MesloLGS-BoldItalic.ttf","path":"lib/meslo-LG/MesloLGS-BoldItalic.ttf","modified":0,"renderable":1},{"_id":"themes/hexo-theme-cactus/source/lib/meslo-LG/MesloLGS-Italic.ttf","path":"lib/meslo-LG/MesloLGS-Italic.ttf","modified":0,"renderable":1},{"_id":"themes/hexo-theme-cactus/source/lib/meslo-LG/MesloLGS-Regular.ttf","path":"lib/meslo-LG/MesloLGS-Regular.ttf","modified":0,"renderable":1},{"_id":"themes/hexo-theme-cactus/source/lib/vazir-font/Vazir-Black.eot","path":"lib/vazir-font/Vazir-Black.eot","modified":0,"renderable":1},{"_id":"themes/hexo-theme-cactus/source/lib/vazir-font/Vazir-Black.ttf","path":"lib/vazir-font/Vazir-Black.ttf","modified":0,"renderable":1},{"_id":"themes/hexo-theme-cactus/source/lib/vazir-font/Vazir-Black.woff","path":"lib/vazir-font/Vazir-Black.woff","modified":0,"renderable":1},{"_id":"themes/hexo-theme-cactus/source/lib/vazir-font/Vazir-Black.woff2","path":"lib/vazir-font/Vazir-Black.woff2","modified":0,"renderable":1},{"_id":"themes/hexo-theme-cactus/source/lib/vazir-font/Vazir-Bold.eot","path":"lib/vazir-font/Vazir-Bold.eot","modified":0,"renderable":1},{"_id":"themes/hexo-theme-cactus/source/lib/vazir-font/Vazir-Bold.ttf","path":"lib/vazir-font/Vazir-Bold.ttf","modified":0,"renderable":1},{"_id":"themes/hexo-theme-cactus/source/lib/vazir-font/Vazir-Bold.woff","path":"lib/vazir-font/Vazir-Bold.woff","modified":0,"renderable":1},{"_id":"themes/hexo-theme-cactus/source/lib/vazir-font/Vazir-Bold.woff2","path":"lib/vazir-font/Vazir-Bold.woff2","modified":0,"renderable":1},{"_id":"themes/hexo-theme-cactus/source/lib/vazir-font/Vazir-Light.eot","path":"lib/vazir-font/Vazir-Light.eot","modified":0,"renderable":1},{"_id":"themes/hexo-theme-cactus/source/lib/vazir-font/Vazir-Light.ttf","path":"lib/vazir-font/Vazir-Light.ttf","modified":0,"renderable":1},{"_id":"themes/hexo-theme-cactus/source/lib/vazir-font/Vazir-Light.woff","path":"lib/vazir-font/Vazir-Light.woff","modified":0,"renderable":1},{"_id":"themes/hexo-theme-cactus/source/lib/vazir-font/Vazir-Light.woff2","path":"lib/vazir-font/Vazir-Light.woff2","modified":0,"renderable":1},{"_id":"themes/hexo-theme-cactus/source/lib/vazir-font/Vazir-Medium.eot","path":"lib/vazir-font/Vazir-Medium.eot","modified":0,"renderable":1},{"_id":"themes/hexo-theme-cactus/source/lib/vazir-font/Vazir-Medium.ttf","path":"lib/vazir-font/Vazir-Medium.ttf","modified":0,"renderable":1},{"_id":"themes/hexo-theme-cactus/source/lib/vazir-font/Vazir-Medium.woff","path":"lib/vazir-font/Vazir-Medium.woff","modified":0,"renderable":1},{"_id":"themes/hexo-theme-cactus/source/lib/vazir-font/Vazir-Medium.woff2","path":"lib/vazir-font/Vazir-Medium.woff2","modified":0,"renderable":1},{"_id":"themes/hexo-theme-cactus/source/lib/vazir-font/Vazir-Regular.eot","path":"lib/vazir-font/Vazir-Regular.eot","modified":0,"renderable":1},{"_id":"themes/hexo-theme-cactus/source/lib/vazir-font/Vazir-Regular.ttf","path":"lib/vazir-font/Vazir-Regular.ttf","modified":0,"renderable":1},{"_id":"themes/hexo-theme-cactus/source/lib/vazir-font/Vazir-Regular.woff","path":"lib/vazir-font/Vazir-Regular.woff","modified":0,"renderable":1},{"_id":"themes/hexo-theme-cactus/source/lib/vazir-font/Vazir-Regular.woff2","path":"lib/vazir-font/Vazir-Regular.woff2","modified":0,"renderable":1},{"_id":"themes/hexo-theme-cactus/source/lib/vazir-font/Vazir-Thin.eot","path":"lib/vazir-font/Vazir-Thin.eot","modified":0,"renderable":1},{"_id":"themes/hexo-theme-cactus/source/lib/vazir-font/Vazir-Thin.ttf","path":"lib/vazir-font/Vazir-Thin.ttf","modified":0,"renderable":1},{"_id":"themes/hexo-theme-cactus/source/lib/vazir-font/Vazir-Thin.woff","path":"lib/vazir-font/Vazir-Thin.woff","modified":0,"renderable":1},{"_id":"themes/hexo-theme-cactus/source/lib/vazir-font/Vazir-Thin.woff2","path":"lib/vazir-font/Vazir-Thin.woff2","modified":0,"renderable":1},{"_id":"themes/hexo-theme-cactus/source/lib/vazir-font/Vazir-Variable.eot","path":"lib/vazir-font/Vazir-Variable.eot","modified":0,"renderable":1},{"_id":"themes/hexo-theme-cactus/source/lib/vazir-font/Vazir-Variable.ttf","path":"lib/vazir-font/Vazir-Variable.ttf","modified":0,"renderable":1},{"_id":"themes/hexo-theme-cactus/source/lib/vazir-font/Vazir-Variable.woff","path":"lib/vazir-font/Vazir-Variable.woff","modified":0,"renderable":1},{"_id":"themes/hexo-theme-cactus/source/lib/vazir-font/Vazir-Variable.woff2","path":"lib/vazir-font/Vazir-Variable.woff2","modified":0,"renderable":1},{"_id":"themes/hexo-theme-cactus/source/lib/vazir-font/font-face.css","path":"lib/vazir-font/font-face.css","modified":0,"renderable":1},{"_id":"themes/hexo-theme-cactus/source/lib/font-awesome/css/all.min.css","path":"lib/font-awesome/css/all.min.css","modified":0,"renderable":1},{"_id":"themes/hexo-theme-cactus/source/lib/font-awesome/webfonts/fa-brands-400.ttf","path":"lib/font-awesome/webfonts/fa-brands-400.ttf","modified":0,"renderable":1},{"_id":"themes/hexo-theme-cactus/source/lib/font-awesome/webfonts/fa-brands-400.woff2","path":"lib/font-awesome/webfonts/fa-brands-400.woff2","modified":0,"renderable":1},{"_id":"themes/hexo-theme-cactus/source/lib/font-awesome/webfonts/fa-regular-400.ttf","path":"lib/font-awesome/webfonts/fa-regular-400.ttf","modified":0,"renderable":1},{"_id":"themes/hexo-theme-cactus/source/lib/font-awesome/webfonts/fa-regular-400.woff2","path":"lib/font-awesome/webfonts/fa-regular-400.woff2","modified":0,"renderable":1},{"_id":"themes/hexo-theme-cactus/source/lib/font-awesome/webfonts/fa-solid-900.ttf","path":"lib/font-awesome/webfonts/fa-solid-900.ttf","modified":0,"renderable":1},{"_id":"themes/hexo-theme-cactus/source/lib/font-awesome/webfonts/fa-solid-900.woff2","path":"lib/font-awesome/webfonts/fa-solid-900.woff2","modified":0,"renderable":1},{"_id":"themes/hexo-theme-cactus/source/lib/font-awesome/webfonts/fa-v4compatibility.ttf","path":"lib/font-awesome/webfonts/fa-v4compatibility.ttf","modified":0,"renderable":1},{"_id":"themes/hexo-theme-cactus/source/lib/font-awesome/webfonts/fa-v4compatibility.woff2","path":"lib/font-awesome/webfonts/fa-v4compatibility.woff2","modified":0,"renderable":1},{"_id":"themes/hexo-theme-cactus/source/lib/justified-gallery/css/justifiedGallery.min.css","path":"lib/justified-gallery/css/justifiedGallery.min.css","modified":0,"renderable":1},{"_id":"themes/hexo-theme-cactus/source/lib/justified-gallery/js/jquery.justifiedGallery.min.js","path":"lib/justified-gallery/js/jquery.justifiedGallery.min.js","modified":0,"renderable":1},{"_id":"source/CNAME","path":"CNAME","modified":0,"renderable":0},{"_id":"themes/hexo-theme-cactus/source/images/android-chrome-512x512.png","path":"images/android-chrome-512x512.png","modified":0,"renderable":1},{"_id":"themes/hexo-theme-cactus/source/images/browserconfig.xml","path":"images/browserconfig.xml","modified":0,"renderable":1},{"_id":"themes/hexo-theme-cactus/source/images/favicon-16x16.png","path":"images/favicon-16x16.png","modified":0,"renderable":1},{"_id":"themes/hexo-theme-cactus/source/images/favicon-32x32.png","path":"images/favicon-32x32.png","modified":0,"renderable":1},{"_id":"themes/hexo-theme-cactus/source/images/mstile-150x150.png","path":"images/mstile-150x150.png","modified":0,"renderable":1},{"_id":"themes/hexo-theme-cactus/source/images/sdfgf.png","path":"images/sdfgf.png","modified":0,"renderable":1},{"_id":"themes/hexo-theme-cactus/source/images/site.webmanifest","path":"images/site.webmanifest","modified":0,"renderable":1}],"Cache":[{"_id":"source/_posts/hello-world.md","hash":"acad91ace80b80295b11a9b7ad4c29a2dcfdd8fb","modified":1715135597985},{"_id":"themes/hexo-theme-cactus/.gitignore","hash":"72267ee409a324fc197c150b3c4bf28b87b709a8","modified":1685777179000},{"_id":"themes/hexo-theme-cactus/.jshintrc","hash":"d6ee46102ed2ff00acb555557f47241b701e99a4","modified":1715135597985},{"_id":"themes/hexo-theme-cactus/.stylintrc","hash":"8bbbee5eae70fbe7dd53c9ce43d244b47d58385b","modified":1715135597985},{"_id":"themes/hexo-theme-cactus/LICENSE","hash":"06806c75801c9ae870a1b47d588ef8e00d3c7c94","modified":1715135597985},{"_id":"themes/hexo-theme-cactus/README.md","hash":"d5790f636cec253f030cfa86b3e83728f621d4c5","modified":1715135597985},{"_id":"themes/hexo-theme-cactus/_config.yml","hash":"d7a649d48d37b81184382d69c0b7c6cf98d81494","modified":1715135597985},{"_id":"themes/hexo-theme-cactus/gulpfile.js","hash":"23b5f0ea4c4d4319dfa8c3d3eaecb7bd70d90336","modified":1715135597985},{"_id":"themes/hexo-theme-cactus/package.json","hash":"768e4f07b7bc6406d37b84878e1d34be668f5ea4","modified":1715135598010},{"_id":"themes/hexo-theme-cactus/languages/ar.yml","hash":"2f1258875dbffa89d192a1d6481c4bd3c337126b","modified":1715135597985},{"_id":"themes/hexo-theme-cactus/languages/ca.yml","hash":"6f9897fe8c7b7bf23be7fa58c530602217aea898","modified":1715135597985},{"_id":"themes/hexo-theme-cactus/languages/de.yml","hash":"0734bfc33861585a12327142bf52489c882ad34f","modified":1715135597985},{"_id":"themes/hexo-theme-cactus/languages/default.yml","hash":"ea5e6aee4cb14510793ac4593a3bddffe23e530c","modified":1715135597985},{"_id":"themes/hexo-theme-cactus/languages/en.yml","hash":"9322effab1b1016ece50d1c1c89d41e81057ea5d","modified":1715136635262},{"_id":"themes/hexo-theme-cactus/languages/es.yml","hash":"56ddfd9081641c45272bdc2df750e41ab8b600bf","modified":1715135598001},{"_id":"themes/hexo-theme-cactus/languages/fa.yml","hash":"05fb8dad765af2b9eec32582f5d277eb2735ffc3","modified":1715135598001},{"_id":"themes/hexo-theme-cactus/languages/fr.yml","hash":"4604fc8f94d98f6d53c80535fbae78814f88f32d","modified":1715135598001},{"_id":"themes/hexo-theme-cactus/languages/it.yml","hash":"501bfc9aed86964ee75354a805378740a02af799","modified":1715135598002},{"_id":"themes/hexo-theme-cactus/languages/kr.yml","hash":"ab5be04a1b4c4d87e164b1a045e220f855e85a38","modified":1715135598002},{"_id":"themes/hexo-theme-cactus/languages/nl.yml","hash":"4c36921322e782775ccff9aec78d4261153cf5e5","modified":1715135598002},{"_id":"themes/hexo-theme-cactus/languages/pl.yml","hash":"3677b782edd98986bb82568c6ff6c8b77140b75a","modified":1715135598003},{"_id":"themes/hexo-theme-cactus/languages/pt-br.yml","hash":"417d25e3dae260a2503ec6a8f1b590fa00534b14","modified":1715135598003},{"_id":"themes/hexo-theme-cactus/languages/ru.yml","hash":"47fb1672f36d5adadf2f6c3a5c4d1714f5bd563b","modified":1715135598003},{"_id":"themes/hexo-theme-cactus/languages/tr.yml","hash":"7971cbff7f90ffe1dc40402be6332890be1ed2c7","modified":1715135598004},{"_id":"themes/hexo-theme-cactus/languages/vi.yml","hash":"1a1dfc60e952c3429c038f69a9e0ca2057784fca","modified":1715135598004},{"_id":"themes/hexo-theme-cactus/languages/zh-CN.yml","hash":"d163690e48de5cf03914d69a99462d72eb040ad3","modified":1715135598004},{"_id":"themes/hexo-theme-cactus/languages/zh-TW.yml","hash":"d02ac645f87c5841ff35499818654df85bd872f5","modified":1715135598004},{"_id":"themes/hexo-theme-cactus/layout/404.ejs","hash":"c04829c5ddc417d0b9a66cad55a838cc7eed997b","modified":1715135598005},{"_id":"themes/hexo-theme-cactus/layout/archive.ejs","hash":"cda7b4d3f3615a9a591d7610f9e40b615ca68c73","modified":1715135598010},{"_id":"themes/hexo-theme-cactus/layout/index.ejs","hash":"07e691e5a15d861be813e653f229d6c8312644af","modified":1715136827661},{"_id":"themes/hexo-theme-cactus/layout/layout.ejs","hash":"c7b73f887d62fad9f14507504c4a2c036860e76c","modified":1715135598010},{"_id":"themes/hexo-theme-cactus/layout/page.ejs","hash":"1700d4f434170e1eeb0e2a9470fc3c0732b2ba7e","modified":1715135598010},{"_id":"themes/hexo-theme-cactus/layout/post.ejs","hash":"9b8e937375f56053f497f437c06d527761b98d1c","modified":1715135598010},{"_id":"themes/hexo-theme-cactus/scripts/cdn.js","hash":"6037ad2ddbdc4d87195d91b3bd9f197c1b40467a","modified":1715135598010},{"_id":"themes/hexo-theme-cactus/scripts/error_404.js","hash":"099d428e1b96b9c219a789da60b87703c509b2bb","modified":1715135598010},{"_id":"themes/hexo-theme-cactus/scripts/merge-configs.js","hash":"98b79403945fa7f8dc177e6da283681677d02567","modified":1715135598018},{"_id":"themes/hexo-theme-cactus/scripts/meta.js","hash":"96b1a52af341adc741a5581ddc7335105abe780e","modified":1715135598018},{"_id":"themes/hexo-theme-cactus/scripts/page_title.js","hash":"03b5c8b6215f0b305327e8d9b5d49add83b4b95f","modified":1715135598019},{"_id":"themes/hexo-theme-cactus/scripts/thumbnail.js","hash":"3d841aa267026703a5cc29f4ffbb613f0a2bbd45","modified":1715135598020},{"_id":"themes/hexo-theme-cactus/layout/_partial/comments.ejs","hash":"162fb8592903605789f516be2cd9c678a1a2d207","modified":1715135598005},{"_id":"themes/hexo-theme-cactus/layout/_partial/footer.ejs","hash":"2336c1eb473fea860f4c3e309c50bc32544d0b4e","modified":1715135598006},{"_id":"themes/hexo-theme-cactus/layout/_partial/google_analytics.ejs","hash":"82372a68455c05fa6a07c5ecb8defe11f769da7c","modified":1715135598006},{"_id":"themes/hexo-theme-cactus/layout/_partial/head.ejs","hash":"cac3ef9de11b14825599efe69b0939f42d368e25","modified":1715135598006},{"_id":"themes/hexo-theme-cactus/layout/_partial/header.ejs","hash":"3eae6c39852c3d7cba8978ad93a5570d20580924","modified":1715135598006},{"_id":"themes/hexo-theme-cactus/layout/_partial/pagination.ejs","hash":"ea8692715a8ea49624638dbd7bfb911af58887ee","modified":1715135598008},{"_id":"themes/hexo-theme-cactus/layout/_partial/scripts.ejs","hash":"46ad130a7a741ca44928116479c2004180979e40","modified":1715135598010},{"_id":"themes/hexo-theme-cactus/layout/_partial/search.ejs","hash":"12dba799ae5736dfbf1548e1923bbb7447de8a6d","modified":1715135598010},{"_id":"themes/hexo-theme-cactus/layout/_partial/styles.ejs","hash":"42fd45758d8f8e814bfdd8b26eb676d87b8465b2","modified":1715135598010},{"_id":"themes/hexo-theme-cactus/layout/_partial/umami_analytics.ejs","hash":"5a39772aa121652f9d54619282fe880006b2a677","modified":1715135598010},{"_id":"themes/hexo-theme-cactus/source/css/_extend.styl","hash":"1b9b2c69b894343068f3384000581a6092c4e868","modified":1715135599473},{"_id":"themes/hexo-theme-cactus/source/css/_fonts.styl","hash":"5c1727836f5d6076a65cf91dbbeaba8d16b5132b","modified":1715135599473},{"_id":"themes/hexo-theme-cactus/source/css/_mixins.styl","hash":"37093d2a554283ab652b59e5e0ff9b542edced0f","modified":1715135599558},{"_id":"themes/hexo-theme-cactus/source/css/_util.styl","hash":"1c7bed7376f04d7b77d817e132aee08cf65e6395","modified":1715135599558},{"_id":"themes/hexo-theme-cactus/source/css/_variables.styl","hash":"5dcbf89bd23d9dd3c45d07049a1448b0ae95426b","modified":1715135599558},{"_id":"themes/hexo-theme-cactus/source/css/rtl.styl","hash":"105284f992de848968d818f6200d2ebbdd5342d0","modified":1715135599558},{"_id":"themes/hexo-theme-cactus/source/css/style.styl","hash":"210406274d091be115a6175929ba5671b8b8f946","modified":1715135599558},{"_id":"themes/hexo-theme-cactus/source/images/apple-touch-icon.png","hash":"8e452a3db96f62260f18509bbb9e5e4780f15c27","modified":1715135599558},{"_id":"themes/hexo-theme-cactus/source/images/favicon-192x192.png","hash":"83db91c1137b4e4fc066e34712edc008f472af0e","modified":1715135599573},{"_id":"themes/hexo-theme-cactus/source/images/favicon.ico","hash":"75a14d7b77c8cb87e34ae5de835c714b49f44838","modified":1715135599573},{"_id":"themes/hexo-theme-cactus/source/js/main.js","hash":"adc9e8e86e82f6bce527d5674df0a9b298ac71a0","modified":1715135599573},{"_id":"themes/hexo-theme-cactus/source/js/search.js","hash":"0d2933fa97c4036805011cc219fcc43ae578e230","modified":1715135599573},{"_id":"themes/hexo-theme-cactus/layout/_partial/post/actions_desktop.ejs","hash":"53d0225501f4c33abda7059293f00aa22e3d4364","modified":1715135598009},{"_id":"themes/hexo-theme-cactus/layout/_partial/post/actions_mobile.ejs","hash":"2170a51e5b2637ef55651f29637cafcd111242b2","modified":1715135598010},{"_id":"themes/hexo-theme-cactus/layout/_partial/post/category.ejs","hash":"62fd0bb73eef411ae0b2d6f529a273d54fd0d277","modified":1715135598010},{"_id":"themes/hexo-theme-cactus/layout/_partial/post/date.ejs","hash":"b64d37f8a2cdb3990a5f4cd686b4fa3f2607b5bb","modified":1715135598010},{"_id":"themes/hexo-theme-cactus/layout/_partial/post/gallery.ejs","hash":"725ab823c2fb4a5e444eca3afa617d88f305ef71","modified":1715135598010},{"_id":"themes/hexo-theme-cactus/layout/_partial/post/share.ejs","hash":"6b037d536ef89c1e7b488f34c20fa977389ae744","modified":1715135598010},{"_id":"themes/hexo-theme-cactus/layout/_partial/post/tag.ejs","hash":"424029d2d8e6c51c7370c5f8aabc21799418d3f1","modified":1715135598010},{"_id":"themes/hexo-theme-cactus/layout/_partial/post/title.ejs","hash":"524ad82e6d52b91d20cded8224efb76f2fdacf0b","modified":1715135598010},{"_id":"themes/hexo-theme-cactus/source/css/_colors/classic.styl","hash":"3d6c91b03ade77daf1ceb11c5dad48b0e35ac353","modified":1715135599457},{"_id":"themes/hexo-theme-cactus/source/css/_colors/dark.styl","hash":"11150a5049ad6830d70bd8a4d8cb6bbbd144a84a","modified":1715135599457},{"_id":"themes/hexo-theme-cactus/source/css/_colors/light.styl","hash":"9b156c15c855677a50c4a27de17a8cb377b69802","modified":1715135599457},{"_id":"themes/hexo-theme-cactus/source/css/_colors/white.styl","hash":"a20de63c1cd7ccf25b8313e2d211866a20e86fbe","modified":1715135599473},{"_id":"themes/hexo-theme-cactus/source/css/_highlight/agate.styl","hash":"fc289ba8f47ead6331ec3a51533cfa93251c5634","modified":1715135599480},{"_id":"themes/hexo-theme-cactus/source/css/_highlight/androidstudio.styl","hash":"4d67bdab6cc9c614486ca42f98199a04d053e7f0","modified":1715135599480},{"_id":"themes/hexo-theme-cactus/source/css/_highlight/arduino-light.styl","hash":"591962bfc758a521b4cb907750c19a1a2423b4d5","modified":1715135599480},{"_id":"themes/hexo-theme-cactus/source/css/_highlight/arta.styl","hash":"262167aaebcf28de7f85af7ac77a76fa1fa284f7","modified":1715135599480},{"_id":"themes/hexo-theme-cactus/source/css/_highlight/ascetic.styl","hash":"ca087a3c70998c7ac6b0b42d5cf7a653b8707591","modified":1715135599480},{"_id":"themes/hexo-theme-cactus/source/css/_highlight/atelier-cave-dark.styl","hash":"7e83c7f2acaaaa98864660afe2794745c36c8e51","modified":1715135599480},{"_id":"themes/hexo-theme-cactus/source/css/_highlight/atelier-cave-light.styl","hash":"f47de0b9d66617728f68096ed48371dd6bb9e67a","modified":1715135599495},{"_id":"themes/hexo-theme-cactus/source/css/_highlight/atelier-dune-dark.styl","hash":"68584ed0e99c7d0e49ef8a2e67cd4dcdad359de4","modified":1715135599495},{"_id":"themes/hexo-theme-cactus/source/css/_highlight/atelier-dune-light.styl","hash":"657fe215931fd06e21b56374df699a94890f7ab4","modified":1715135599495},{"_id":"themes/hexo-theme-cactus/source/css/_highlight/atelier-estuary-dark.styl","hash":"1cecd13e0d6b24042ff86372f0596c1441bb834a","modified":1715135599495},{"_id":"themes/hexo-theme-cactus/source/css/_highlight/atelier-estuary-light.styl","hash":"2b416a0567a53aa0fa8898b196ddd44315c1a5f3","modified":1715135599495},{"_id":"themes/hexo-theme-cactus/source/css/_highlight/atelier-forest-dark.styl","hash":"a741eba35cdfe2cfd67dfbf109655f253d6b4795","modified":1715135599495},{"_id":"themes/hexo-theme-cactus/source/css/_highlight/atelier-forest-light.styl","hash":"8d7c7242974aa2454fa792c5d7a47c5f9632355a","modified":1715135599495},{"_id":"themes/hexo-theme-cactus/source/css/_highlight/atelier-heath-dark.styl","hash":"f186b357dcebded89b7bcc77389b2cff76533d72","modified":1715135599495},{"_id":"themes/hexo-theme-cactus/source/css/_highlight/atelier-heath-light.styl","hash":"c1db353e8613607580d40b12ddc162d029560576","modified":1715135599495},{"_id":"themes/hexo-theme-cactus/source/css/_highlight/atelier-lakeside-dark.styl","hash":"802979cea895a0a384645cb30a43de9572cb0e3f","modified":1715135599495},{"_id":"themes/hexo-theme-cactus/source/css/_highlight/atelier-lakeside-light.styl","hash":"8659eaae6a0c2e00b4b9199803e50adf4ff0128d","modified":1715135599511},{"_id":"themes/hexo-theme-cactus/source/css/_highlight/atelier-plateau-dark.styl","hash":"0d51ddc580ccb0a291271fa9632bc91dab632df6","modified":1715135599511},{"_id":"themes/hexo-theme-cactus/source/css/_highlight/atelier-plateau-light.styl","hash":"96181544eeadc5b0749229f11607e7c01f81e078","modified":1715135599511},{"_id":"themes/hexo-theme-cactus/source/css/_highlight/atelier-savanna-dark.styl","hash":"bbad7a9512b4873294e73ce806e36e43973e6ed8","modified":1715135599511},{"_id":"themes/hexo-theme-cactus/source/css/_highlight/atelier-savanna-light.styl","hash":"8a5207a0c30262a0bf5e1a41411a306f7a89a7e7","modified":1715135599511},{"_id":"themes/hexo-theme-cactus/source/css/_highlight/atelier-seaside-dark.styl","hash":"2f008271299042f2443bca98c9bcadbc8c45e837","modified":1715135599511},{"_id":"themes/hexo-theme-cactus/source/css/_highlight/atelier-seaside-light.styl","hash":"08e2df313c272d5c70c93e713639663c168180d0","modified":1715135599511},{"_id":"themes/hexo-theme-cactus/source/css/_highlight/atelier-sulphurpool-dark.styl","hash":"18dcb00ab9c62eb810d492047214331c51bb654f","modified":1715135599511},{"_id":"themes/hexo-theme-cactus/source/css/_highlight/atelier-sulphurpool-light.styl","hash":"add3d88c9d12567dcfae7a8e49984d119fc72227","modified":1715135599511},{"_id":"themes/hexo-theme-cactus/source/css/_highlight/brown-paper.styl","hash":"d14846542a26b75fd26df5b5df6c5493733f73f6","modified":1715135599511},{"_id":"themes/hexo-theme-cactus/source/css/_highlight/brown-papersq.png","hash":"3a1332ede3a75a3d24f60b6ed69035b72da5e182","modified":1685777179000},{"_id":"themes/hexo-theme-cactus/source/css/_highlight/codepen-embed.styl","hash":"1de45e603e2c71c7f6b0c1372a3ba00b1bc153a8","modified":1715135599511},{"_id":"themes/hexo-theme-cactus/source/css/_highlight/color-brewer.styl","hash":"9c4905eab730d0b389e6972e907057577f7e25f1","modified":1715135599511},{"_id":"themes/hexo-theme-cactus/source/css/_highlight/dark.styl","hash":"98d7884806838a0b46132d759d60ac27c0c4bd9c","modified":1715135599511},{"_id":"themes/hexo-theme-cactus/source/css/_highlight/darkula.styl","hash":"8965ad6920601c275ca97e617beff5536925a266","modified":1715135599511},{"_id":"themes/hexo-theme-cactus/source/css/_highlight/docco.styl","hash":"7bd3389ce16d20488ab336d557056cc703c921c7","modified":1715135599511},{"_id":"themes/hexo-theme-cactus/source/css/_highlight/far.styl","hash":"8da83d66724f2ce508a40f21b4f6dc0d704be562","modified":1715135599511},{"_id":"themes/hexo-theme-cactus/source/css/_highlight/foundation.styl","hash":"28c59a31467c33bd51cbf3b6085782c2a724ff6c","modified":1715135599511},{"_id":"themes/hexo-theme-cactus/source/css/_highlight/github-gist.styl","hash":"71f4b0fca91a587e6eba15a5306dca963bb8f441","modified":1715135599511},{"_id":"themes/hexo-theme-cactus/source/css/_highlight/github.styl","hash":"a84eb710b302006120c3e7f8ca18f9e6fbc231c3","modified":1715135599527},{"_id":"themes/hexo-theme-cactus/source/css/_highlight/googlecode.styl","hash":"7f5082ae008925a23eb713f160773fe647eb3ff7","modified":1715135599527},{"_id":"themes/hexo-theme-cactus/source/css/_highlight/grayscale.styl","hash":"c83804abe39faebd80f8f4ff64fbd7137674cb1c","modified":1715135599527},{"_id":"themes/hexo-theme-cactus/source/css/_highlight/gruvbox-dark.styl","hash":"f66403ce77dcb16b1f98a5061b72f7581630d69f","modified":1715135599527},{"_id":"themes/hexo-theme-cactus/source/css/_highlight/highlightjs.styl","hash":"fd796a58c5d4590cda67c998187933788d45f30a","modified":1715135599527},{"_id":"themes/hexo-theme-cactus/source/css/_highlight/hopscotch.styl","hash":"dd3c78c42d4a865f11623235e5e5f6829d789706","modified":1715135599527},{"_id":"themes/hexo-theme-cactus/source/css/_highlight/hybrid.styl","hash":"4906456025787de04b48a87c42bb704c5ff67065","modified":1715135599527},{"_id":"themes/hexo-theme-cactus/source/css/_highlight/idea.styl","hash":"e284c1760e8da0848f56cd5601d867ceeb0192d7","modified":1715135599527},{"_id":"themes/hexo-theme-cactus/source/css/_highlight/index.styl","hash":"36c44375229613a5bb9ee84a8e90214978070439","modified":1715135599527},{"_id":"themes/hexo-theme-cactus/source/css/_highlight/ir-black.styl","hash":"aa31b30069ebee39e2c3ebb75e2c96ba8678eb14","modified":1715135599527},{"_id":"themes/hexo-theme-cactus/source/css/_highlight/kimbie.dark.styl","hash":"3b998c640eeb2c6192fee24bc78b4137de475dd7","modified":1715135599527},{"_id":"themes/hexo-theme-cactus/source/css/_highlight/kimbie.light.styl","hash":"e901738455ec9a1bddde7b62bbd8595de6033e1e","modified":1715135599527},{"_id":"themes/hexo-theme-cactus/source/css/_highlight/kimbie.styl","hash":"13113af220dfed09cb49d85102babb352c3eff97","modified":1715135599527},{"_id":"themes/hexo-theme-cactus/source/css/_highlight/magula.styl","hash":"ab179306c12a1cf2949482beaca328e379ef034a","modified":1715135599542},{"_id":"themes/hexo-theme-cactus/source/css/_highlight/mono-blue.styl","hash":"14fb8678739b77f35771b6d63101ddbf1e7a9fbc","modified":1715135599542},{"_id":"themes/hexo-theme-cactus/source/css/_highlight/monokai-sublime.styl","hash":"84a27bd29d939105d65f4164c219d6cc2e09ae60","modified":1715135599542},{"_id":"themes/hexo-theme-cactus/source/css/_highlight/monokai.styl","hash":"c3a3bfae1eb864505fbc8748db734600057af1af","modified":1715135599542},{"_id":"themes/hexo-theme-cactus/source/css/_highlight/obsidian.styl","hash":"efba069860181d2b709e1548dd16cf102ca267fa","modified":1715135599542},{"_id":"themes/hexo-theme-cactus/source/css/_highlight/paraiso-dark.styl","hash":"50f1cee8a5b3b165b4184ead0a99dc564b62ef4f","modified":1715135599542},{"_id":"themes/hexo-theme-cactus/source/css/_highlight/paraiso-light.styl","hash":"e428e8202b01e83b0f018a96058d806e7f4c76bf","modified":1715135599542},{"_id":"themes/hexo-theme-cactus/source/css/_highlight/paraiso.styl","hash":"846a06a57fa0b3db7f83ec7ac2bf34911f32cf66","modified":1715135599542},{"_id":"themes/hexo-theme-cactus/source/css/_highlight/pojoaque.jpg","hash":"c5fe6533b88b21f8d90d3d03954c6b29baa67791","modified":1685777179000},{"_id":"themes/hexo-theme-cactus/source/css/_highlight/pojoaque.styl","hash":"4d4a9360c35f3c5a0c5b9b49a1f2284e7e21317b","modified":1715135599542},{"_id":"themes/hexo-theme-cactus/source/css/_highlight/railscasts.styl","hash":"5dc9ce33cecee87fe9ca8f2ed9342602194484ec","modified":1715135599542},{"_id":"themes/hexo-theme-cactus/source/css/_highlight/rainbow.styl","hash":"95246afef181bd96f9adb1a2e84fb3ef302d4598","modified":1715135599542},{"_id":"themes/hexo-theme-cactus/source/css/_highlight/school-book.png","hash":"711ec983c874e093bb89eb77afcbdf6741fa61ee","modified":1685777179000},{"_id":"themes/hexo-theme-cactus/source/css/_highlight/school-book.styl","hash":"186c37e9c39e65aa291cce3317e35904693598d1","modified":1715135599542},{"_id":"themes/hexo-theme-cactus/source/css/_highlight/solarized-dark.styl","hash":"9fc9400d3a8cae97eb5761c284140acb0f847538","modified":1715135599542},{"_id":"themes/hexo-theme-cactus/source/css/_highlight/solarized-light.styl","hash":"bb04944fc06c12ecd7b56ad933dbedde60c2259a","modified":1715135599542},{"_id":"themes/hexo-theme-cactus/source/css/_highlight/sunburst.styl","hash":"e6e4c009b10b9805f0c593446bf013edec47d146","modified":1715135599542},{"_id":"themes/hexo-theme-cactus/source/css/_highlight/tomorrow-night-blue.styl","hash":"92f4423d4964fcfe34ff7ca6cb21012b5738c697","modified":1715135599542},{"_id":"themes/hexo-theme-cactus/source/css/_highlight/tomorrow-night-bright.styl","hash":"e6b025b247e4027fb3c1b7833588f5a5b04a549c","modified":1715135599558},{"_id":"themes/hexo-theme-cactus/source/css/_highlight/tomorrow-night-eighties.styl","hash":"8b16876cf205111d5d5454100de712bc3ea8f477","modified":1715135599558},{"_id":"themes/hexo-theme-cactus/source/css/_highlight/tomorrow-night.styl","hash":"eb8441364bb1664ecebde77b965dc36c91133aa0","modified":1715135599558},{"_id":"themes/hexo-theme-cactus/source/css/_highlight/tomorrow.styl","hash":"502335f0fac07ed74ca78207bcf3ef8dd2252cf6","modified":1715135599558},{"_id":"themes/hexo-theme-cactus/source/css/_highlight/vs.styl","hash":"14fbb0c43af440a290280b26968c8a5c0786b27f","modified":1715135599558},{"_id":"themes/hexo-theme-cactus/source/css/_highlight/xcode.styl","hash":"5fa8999c7f807c1aae29c7a1cdf681678576fb69","modified":1715135599558},{"_id":"themes/hexo-theme-cactus/source/css/_highlight/zenburn.styl","hash":"f63534764dd6598e81177d64714a184f98153b11","modified":1715135599558},{"_id":"themes/hexo-theme-cactus/source/css/_partial/archive.styl","hash":"301bf71b6878c965b3ea49dc19aba3f1c111cd3a","modified":1715135599558},{"_id":"themes/hexo-theme-cactus/source/css/_partial/article.styl","hash":"abdbf82d71c7ec89c2f3ebaf8cc0606ab4ec1e03","modified":1715135599558},{"_id":"themes/hexo-theme-cactus/source/css/_partial/categories.styl","hash":"92fffe2baacb9d19021b3d120d2038417ca466df","modified":1715135599558},{"_id":"themes/hexo-theme-cactus/source/css/_partial/comments.styl","hash":"6e839bae0ddc11447579c34541e79b50d3670bbd","modified":1715135599558},{"_id":"themes/hexo-theme-cactus/source/css/_partial/footer.styl","hash":"5bc59fd8cadd7cff06d989c9c7e8e4eb0d0872d8","modified":1715135599558},{"_id":"themes/hexo-theme-cactus/source/css/_partial/header.styl","hash":"f08c8bd685ddced854cdf2183684013c0644527c","modified":1715135599558},{"_id":"themes/hexo-theme-cactus/source/css/_partial/index.styl","hash":"4a0da5d7052204b23d390a7f76cdc903b9eef52b","modified":1715135599558},{"_id":"themes/hexo-theme-cactus/source/css/_partial/pagination.styl","hash":"4ff9755163aae6039bb72eac8360bc1c50fa26b6","modified":1715135599558},{"_id":"themes/hexo-theme-cactus/source/css/_partial/search.styl","hash":"680ea535e5a20c01a31bee4d3eb680b86267a281","modified":1715135599558},{"_id":"themes/hexo-theme-cactus/source/css/_partial/tags.styl","hash":"7a2f9051b21bce525ecb71799d37c4b65a4f9171","modified":1715135599558},{"_id":"themes/hexo-theme-cactus/source/css/_partial/tooltip.styl","hash":"6cb13a9f4a7c01aa7ab8f73739a7d385377c5465","modified":1715135599558},{"_id":"themes/hexo-theme-cactus/source/lib/clipboard/clipboard.min.js","hash":"d62dcb0905e038e69ff24ab9eef9e3306d45535e","modified":1715135599573},{"_id":"themes/hexo-theme-cactus/source/lib/vazir-font/Vazir-Black.woff","hash":"f6fda2de0348b3e3b7de73267f9f8e97a62f8353","modified":1685777179000},{"_id":"themes/hexo-theme-cactus/source/lib/vazir-font/Vazir-Black.woff2","hash":"7ea4fd7dd4cd4f480af78a0e2c5849eb921b1aeb","modified":1685777179000},{"_id":"themes/hexo-theme-cactus/source/lib/vazir-font/Vazir-Bold.woff","hash":"56e632c9196fac364c66f812a3b4635dd999ad1c","modified":1685777179000},{"_id":"themes/hexo-theme-cactus/source/lib/vazir-font/Vazir-Bold.woff2","hash":"6e40d0c7669c1adbcbf034bdc459f7bed4d6676d","modified":1685777179000},{"_id":"themes/hexo-theme-cactus/source/lib/vazir-font/Vazir-Light.woff","hash":"1c3dbf17411b1f6a6b22c2b76e9d8511586643d0","modified":1685777179000},{"_id":"themes/hexo-theme-cactus/source/lib/vazir-font/Vazir-Light.woff2","hash":"50b654d916204c30987d1987abd890ef92085ae3","modified":1685777179000},{"_id":"themes/hexo-theme-cactus/source/lib/vazir-font/Vazir-Medium.woff","hash":"43a8aaa3fca8721dd32a5d20f7a98dfbc87c97fd","modified":1685777179000},{"_id":"themes/hexo-theme-cactus/source/lib/vazir-font/Vazir-Medium.woff2","hash":"14b3e257c51a6a11d23b2a078017ff340c9777e4","modified":1685777179000},{"_id":"themes/hexo-theme-cactus/source/lib/vazir-font/Vazir-Regular.woff","hash":"235889d59ddad2b1f3243ccaab7733bd713a2a21","modified":1685777179000},{"_id":"themes/hexo-theme-cactus/source/lib/vazir-font/Vazir-Regular.woff2","hash":"a9714ffb842afc74836e64de04b52d8c37c87c8a","modified":1685777179000},{"_id":"themes/hexo-theme-cactus/source/lib/vazir-font/Vazir-Thin.woff","hash":"c0e784de2eb5261cca244928f8a81fd893c3fe16","modified":1685777179000},{"_id":"themes/hexo-theme-cactus/source/lib/vazir-font/Vazir-Thin.woff2","hash":"9b03b1a9071709f5b7dbca13412ecef6cb7a2a67","modified":1685777179000},{"_id":"themes/hexo-theme-cactus/source/lib/vazir-font/Vazir-Variable.woff","hash":"2e8e6d38d361def5f48baac366f04e3db3ed4828","modified":1685777179000},{"_id":"themes/hexo-theme-cactus/source/lib/vazir-font/Vazir-Variable.woff2","hash":"e213bb26bc7f10e1df3fe2d03d3ecaecd6e6d371","modified":1685777179000},{"_id":"themes/hexo-theme-cactus/source/lib/vazir-font/font-face.css","hash":"a3dca7ea2f1fedafc2dfb687884d8ac792d15947","modified":1715135599711},{"_id":"themes/hexo-theme-cactus/source/css/_partial/post/actions_desktop.styl","hash":"c25ccdd505ca1b7c74a7fb2365ad2c262f8025ba","modified":1715135599558},{"_id":"themes/hexo-theme-cactus/source/css/_partial/post/actions_mobile.styl","hash":"b06410ed34b5ecbcac11357aa359149e1f827aa6","modified":1715135599558},{"_id":"themes/hexo-theme-cactus/source/lib/font-awesome/webfonts/fa-regular-400.ttf","hash":"67afa6237670ab99125056f2899129f22912dcf3","modified":1685777179000},{"_id":"themes/hexo-theme-cactus/source/lib/font-awesome/webfonts/fa-regular-400.woff2","hash":"fb363d27cfdfe71a243fa2ac3dab2815232b9b7e","modified":1685777179000},{"_id":"themes/hexo-theme-cactus/source/lib/font-awesome/webfonts/fa-v4compatibility.ttf","hash":"a9d072aca9e0fadc2a7167671ce3d6b18d9cd2cc","modified":1685777179000},{"_id":"themes/hexo-theme-cactus/source/lib/font-awesome/webfonts/fa-v4compatibility.woff2","hash":"8f80d0bbe995f7fe92320fdaec10cd5ccd710a51","modified":1685777179000},{"_id":"themes/hexo-theme-cactus/source/lib/justified-gallery/css/justifiedGallery.min.css","hash":"4a8d364c99df8471c6a0c7192710631e605af635","modified":1715135599596},{"_id":"themes/hexo-theme-cactus/source/lib/justified-gallery/js/jquery.justifiedGallery.min.js","hash":"8d7e041394387fd523991bf827d417ade2747e35","modified":1715135599596},{"_id":"themes/hexo-theme-cactus/source/lib/jquery/jquery.min.js","hash":"edf8a6a066f201b1ffad32c585bd79c9982d4433","modified":1715135599580},{"_id":"themes/hexo-theme-cactus/source/lib/vazir-font/Vazir-Black.eot","hash":"91152bd73e7ff8d943e3bde3ddb0fa0a018e1c21","modified":1685777179000},{"_id":"themes/hexo-theme-cactus/source/lib/vazir-font/Vazir-Black.ttf","hash":"b65915e3fa57b5c19995d15dc2341d115c1971b9","modified":1685777179000},{"_id":"themes/hexo-theme-cactus/source/lib/vazir-font/Vazir-Bold.eot","hash":"5c1c680fade45393e4a5bb4548a092cd5ea6811e","modified":1685777179000},{"_id":"themes/hexo-theme-cactus/source/lib/vazir-font/Vazir-Bold.ttf","hash":"122bb778b17a152c426a825ee981610a4bd59bf3","modified":1685777179000},{"_id":"themes/hexo-theme-cactus/source/lib/vazir-font/Vazir-Light.eot","hash":"a059359e9bea17dc2ff2ede955a05bf0dc4d00d0","modified":1685777179000},{"_id":"themes/hexo-theme-cactus/source/lib/vazir-font/Vazir-Light.ttf","hash":"df82b80c4d3b11e70dcd269fc62ac97cbfa0414d","modified":1685777179000},{"_id":"themes/hexo-theme-cactus/source/lib/vazir-font/Vazir-Medium.eot","hash":"d9ec1f9f3fefd57e446cbe86dc297f1ff269b6de","modified":1685777179000},{"_id":"themes/hexo-theme-cactus/source/lib/vazir-font/Vazir-Medium.ttf","hash":"948a091f0fdb8c7ae17d5ef8e51bd8830d65dd9a","modified":1685777179000},{"_id":"themes/hexo-theme-cactus/source/lib/vazir-font/Vazir-Regular.eot","hash":"521c01f0eb79a48025e972ecbe21b0d7fb15437b","modified":1685777179000},{"_id":"themes/hexo-theme-cactus/source/lib/vazir-font/Vazir-Regular.ttf","hash":"643c28c8f8a2bce1a0d62525aa045cd9883773cd","modified":1685777179000},{"_id":"themes/hexo-theme-cactus/source/lib/vazir-font/Vazir-Thin.eot","hash":"a0ea0bdaef00b35544f9a21d25d35db9a79f7189","modified":1685777179000},{"_id":"themes/hexo-theme-cactus/source/lib/vazir-font/Vazir-Thin.ttf","hash":"6aacb0eecb03c660570b6e159ba5ca97ca7461cf","modified":1685777179000},{"_id":"themes/hexo-theme-cactus/source/lib/vazir-font/Vazir-Variable.eot","hash":"af46f7f4e10a1440a4c97b350622d279143e6798","modified":1685777179000},{"_id":"themes/hexo-theme-cactus/source/lib/vazir-font/Vazir-Variable.ttf","hash":"1e08b6373c2e086f24776df9b11e4be6bbcc8a4a","modified":1685777179000},{"_id":"themes/hexo-theme-cactus/source/lib/font-awesome/css/all.min.css","hash":"2bf056f1697bf3afdf49e56573d63b114374661e","modified":1715135599573},{"_id":"themes/hexo-theme-cactus/source/lib/font-awesome/webfonts/fa-brands-400.woff2","hash":"4350f9ba93384634faf35f41c503c99c767f1069","modified":1685777179000},{"_id":"themes/hexo-theme-cactus/source/lib/font-awesome/webfonts/fa-brands-400.ttf","hash":"f0982a77285d53653845b0a78170b4688db972f1","modified":1685777179000},{"_id":"themes/hexo-theme-cactus/source/lib/font-awesome/webfonts/fa-solid-900.woff2","hash":"6b99aa650bd12a36caa14e0127435d8f4cd3ba73","modified":1685777179000},{"_id":"themes/hexo-theme-cactus/source/images/logo.png","hash":"27a00fa1f773f0236d0255d9fa06b60f7fa69fb0","modified":1693830461846},{"_id":"themes/hexo-theme-cactus/source/lib/font-awesome/webfonts/fa-solid-900.ttf","hash":"20bd663830188cbadd2264e1daf9497c3ffc3621","modified":1685777179000},{"_id":"themes/hexo-theme-cactus/source/lib/meslo-LG/MesloLGL-Italic.ttf","hash":"96c97a0a098ca40802f948ae56fa37aa6683d034","modified":1685777179000},{"_id":"themes/hexo-theme-cactus/source/lib/meslo-LG/MesloLGM-Italic.ttf","hash":"68700db02debd4b922304134da83b829cbfddfc9","modified":1685777179000},{"_id":"themes/hexo-theme-cactus/source/lib/meslo-LG/MesloLGS-Italic.ttf","hash":"7f7cdbdcc26279c04046632e22d872f111bc9399","modified":1685777179000},{"_id":"themes/hexo-theme-cactus/source/lib/meslo-LG/MesloLGL-Bold.ttf","hash":"bfa1ed9a263ed78462f06d322de13bd5bd0906b2","modified":1685777179000},{"_id":"themes/hexo-theme-cactus/source/lib/meslo-LG/MesloLGL-BoldItalic.ttf","hash":"a9a431fc7a6c3a67c98021d4035c12a07a4f1070","modified":1685777179000},{"_id":"themes/hexo-theme-cactus/source/lib/meslo-LG/MesloLGL-Regular.ttf","hash":"2b912dd13f052f645ee19951604610bb350d50af","modified":1685777179000},{"_id":"themes/hexo-theme-cactus/source/lib/meslo-LG/MesloLGM-Bold.ttf","hash":"a8a8df3393bccc365335fc5eb0a62a6b7ccd32b9","modified":1685777179000},{"_id":"themes/hexo-theme-cactus/source/lib/meslo-LG/MesloLGM-BoldItalic.ttf","hash":"65ddb11e75ee93909e845ab912a36717c48f1c94","modified":1685777179000},{"_id":"themes/hexo-theme-cactus/source/lib/meslo-LG/MesloLGM-Regular.ttf","hash":"5e220152adefe905b2197f873d7cee99eca50e91","modified":1685777179000},{"_id":"themes/hexo-theme-cactus/source/lib/meslo-LG/MesloLGS-Bold.ttf","hash":"df202ce09cbdc70bc16b81983a13ef0f94e46f10","modified":1685777179000},{"_id":"themes/hexo-theme-cactus/source/lib/meslo-LG/MesloLGS-BoldItalic.ttf","hash":"d895a1bd25e36c58b7f463ebe14de09f186d5ab4","modified":1685777179000},{"_id":"themes/hexo-theme-cactus/source/lib/meslo-LG/MesloLGS-Regular.ttf","hash":"56fa0e33a390b704afc56af93a31576ccdbbdd9e","modified":1685777179000},{"_id":"source/_data/projects.json","hash":"a71259d8757e970315fc0a4d5302446751fc46a2","modified":1715136393174},{"_id":"source/about/index.md","hash":"0d544c509f3680c85870ac34af3859fd935ffd50","modified":1715135597985},{"_id":"source/CNAME","hash":"021182a3cef6784e79c0acf14a9a1a9ef861a9ae","modified":1715135597985},{"_id":"themes/hexo-theme-cactus/source/images/android-chrome-512x512.png","hash":"9422bb8751d0c580ad64d901412e29e6e27974ba","modified":1715135599558},{"_id":"themes/hexo-theme-cactus/source/images/browserconfig.xml","hash":"4e104bfc1559f3088f25edc3409e9677415226ca","modified":1715135599573},{"_id":"themes/hexo-theme-cactus/source/images/favicon-16x16.png","hash":"ef3c278240693a5a206f7b1be8bb0953fd22e34d","modified":1715135599573},{"_id":"themes/hexo-theme-cactus/source/images/favicon-32x32.png","hash":"0f2a359a3da1d0092aa5a9798be44a2155990742","modified":1715135599573},{"_id":"themes/hexo-theme-cactus/source/images/mstile-150x150.png","hash":"c97e4f76c779bf24af658a41cb820b984820329a","modified":1715135599573},{"_id":"themes/hexo-theme-cactus/source/images/sdfgf.png","hash":"96e6fcbbb13a5914a6131391e210eb7dfd13d692","modified":1715135599573},{"_id":"themes/hexo-theme-cactus/source/images/site.webmanifest","hash":"c26f1f72ad968f601c2afaace75ae72551880254","modified":1715135599573},{"_id":"source/_data/certs.json","hash":"aa32c34e5214f2558be80781ae85ebd21cde7f55","modified":1715136690432}],"Category":[],"Data":[{"_id":"projects","data":[{"name":"SLIIT AI/ML Engineer Stage 01","url":"https://code.sliit.org/certificates/6sh8yzpumo","desc":"Centre for Open and Distance Education @SLIIT"},{"name":"Fundamental of Red Hat Enterprise Linux","url":"https://www.coursera.org/account/accomplishments/certificate/LAVZE7MX6HLN","desc":"Red Hat @Coursera"},{"name":"DiTec","url":"https://shamal-lakshan.github.io/img/certificates/ditec.jpg","desc":"ESOFT Metro Campus"},{"name":"Introduction to IT & Cybersecurity","url":"https://app.cybrary.it/courses/api/certificate/CC-31c8e47c-90aa-437c-8a1a-c64b3af5d793/view","desc":"Cybrary"},{"name":"Crash Course on Python","url":"https://www.coursera.org/account/accomplishments/verify/4KRWB8ZZ9QGD","desc":"Google @Coursera"},{"name":"Advent of Cyber 3","url":"https://tryhackme-certificates.s3-eu-west-1.amazonaws.com/THM-K4IVR2BB0C.png","desc":"TryHackMe"},{"name":"HTML Course","url":"https://www.sololearn.com/Certificate/1014-21805821/jpg","desc":"SoloLearn"},{"name":"Open Source Software Development Methods","url":"https://coursera.org/share/00a2ff3dc4f1b674f56b5ba7ad8250f0","desc":"The Linux Foundation @Coursera"},{"name":"John Napier","url":"https://i.imgur.com/OhA7Mj4.png","desc":"The Open University"},{"name":"Oracle Cloud Infrastructure Foundations 2021 Associate","url":"https://i.imgur.com/CsMRiRx.png","desc":"Oracle"},{"name":"Usign Git for Distributed Development","url":"https://coursera.org/share/d8fa82e0f505c5622456cd14475f9966","desc":"The Linux Foundation @Coursera"},{"name":"Open Source Software Development, Linux and Git","url":"https://coursera.org/share/1608bd71d113bfe171e6a144ff4c12fb","desc":"The Linux Foundation @Coursera"},{"name":"Linux for Developers","url":"https://coursera.org/share/717b35b69caf587d14881ab134f44be5","desc":"The Linux Foundation @Coursera"},{"name":"Linux Tools for Developers","url":"https://coursera.org/share/6ad970d5d2208a039860dba215cea82b","desc":"The Linux Foundation @Coursera"},{"name":"Adobe Creative Educator Level 1","url":"https://i.imgur.com/bLEfcFz.png","desc":"Adobe"},{"name":"Advent of Cyber 4","url":"https://tryhackme-certificates.s3-eu-west-1.amazonaws.com/THM-FB7LWIEMRB.png","desc":"TryHackMe"},{"name":"Python for Beginners","url":"https://jmslp-sources.netlify.app/Certs/Python_for_Beginners_E-Certificate.pdf","desc":"University of Moratuwa"},{"name":"CS50P","url":"https://cs50.harvard.edu/certificates/86adc425-b306-4862-a01b-b66b07c6bbde.pdf?size=letter","desc":"Harvard"},{"name":"Fundamentals of Professional Open Source Management(LFC110)","url":"https://i.imgur.com/os2gj5d.png","desc":"The Linux Foundation"}]},{"_id":"certs","data":[{"name":"SLIIT AI/ML Engineer Stage 01","url":"https://code.sliit.org/certificates/6sh8yzpumo","desc":"Centre for Open and Distance Education @SLIIT"},{"name":"Fundamental of Red Hat Enterprise Linux","url":"https://www.coursera.org/account/accomplishments/certificate/LAVZE7MX6HLN","desc":"Red Hat @Coursera"},{"name":"Fundamentals of Professional Open Source Management(LFC110)","url":"https://i.imgur.com/os2gj5d.png","desc":"The Linux Foundation"}]}],"Page":[{"title":"about","date":"2023-12-07T02:36:25.000Z","_content":"","source":"about/index.md","raw":"---\ntitle: about\ndate: 2023-12-07 08:06:25\n---\n","updated":"2024-05-08T02:33:17.985Z","path":"about/index.html","_id":"clpul73xk00003tt152kp6kna","comments":1,"layout":"page","content":"","excerpt":"","more":""}],"Post":[{"title":"Hello World","_content":"Welcome to [Hexo](https://hexo.io/)! This is your very first post. Check [documentation](https://hexo.io/docs/) for more info. If you get any problems when using Hexo, you can find the answer in [troubleshooting](https://hexo.io/docs/troubleshooting.html) or you can ask me on [GitHub](https://github.com/hexojs/hexo/issues).\n\n## Quick Start\n\n### Create a new post\n\n``` bash\n$ hexo new \"My New Post\"\n```\n\nMore info: [Writing](https://hexo.io/docs/writing.html)\n\n### Run server\n\n``` bash\n$ hexo server\n```\n\nMore info: [Server](https://hexo.io/docs/server.html)\n\n### Generate static files\n\n``` bash\n$ hexo generate\n```\n\nMore info: [Generating](https://hexo.io/docs/generating.html)\n\n### Deploy to remote sites\n\n``` bash\n$ hexo deploy\n```\n\nMore info: [Deployment](https://hexo.io/docs/one-command-deployment.html)\n","source":"_posts/hello-world.md","raw":"---\ntitle: Hello World\n---\nWelcome to [Hexo](https://hexo.io/)! This is your very first post. Check [documentation](https://hexo.io/docs/) for more info. If you get any problems when using Hexo, you can find the answer in [troubleshooting](https://hexo.io/docs/troubleshooting.html) or you can ask me on [GitHub](https://github.com/hexojs/hexo/issues).\n\n## Quick Start\n\n### Create a new post\n\n``` bash\n$ hexo new \"My New Post\"\n```\n\nMore info: [Writing](https://hexo.io/docs/writing.html)\n\n### Run server\n\n``` bash\n$ hexo server\n```\n\nMore info: [Server](https://hexo.io/docs/server.html)\n\n### Generate static files\n\n``` bash\n$ hexo generate\n```\n\nMore info: [Generating](https://hexo.io/docs/generating.html)\n\n### Deploy to remote sites\n\n``` bash\n$ hexo deploy\n```\n\nMore info: [Deployment](https://hexo.io/docs/one-command-deployment.html)\n","slug":"hello-world","published":1,"date":"2024-05-08T02:33:17.985Z","updated":"2024-05-08T02:33:17.985Z","_id":"clpukylyo0000rpt17tgee4kj","comments":1,"layout":"post","photos":[],"content":"<p>Welcome to <a href=\"https://hexo.io/\">Hexo</a>! This is your very first post. Check <a href=\"https://hexo.io/docs/\">documentation</a> for more info. If you get any problems when using Hexo, you can find the answer in <a href=\"https://hexo.io/docs/troubleshooting.html\">troubleshooting</a> or you can ask me on <a href=\"https://github.com/hexojs/hexo/issues\">GitHub</a>.</p>\n<h2 id=\"Quick-Start\"><a href=\"#Quick-Start\" class=\"headerlink\" title=\"Quick Start\"></a>Quick Start</h2><h3 id=\"Create-a-new-post\"><a href=\"#Create-a-new-post\" class=\"headerlink\" title=\"Create a new post\"></a>Create a new post</h3><figure class=\"highlight bash\"><table><tr><td class=\"gutter\"><pre><span class=\"line\">1</span><br></pre></td><td class=\"code\"><pre><span class=\"line\">$ hexo new <span class=\"string\">&quot;My New Post&quot;</span></span><br></pre></td></tr></table></figure>\n\n<p>More info: <a href=\"https://hexo.io/docs/writing.html\">Writing</a></p>\n<h3 id=\"Run-server\"><a href=\"#Run-server\" class=\"headerlink\" title=\"Run server\"></a>Run server</h3><figure class=\"highlight bash\"><table><tr><td class=\"gutter\"><pre><span class=\"line\">1</span><br></pre></td><td class=\"code\"><pre><span class=\"line\">$ hexo server</span><br></pre></td></tr></table></figure>\n\n<p>More info: <a href=\"https://hexo.io/docs/server.html\">Server</a></p>\n<h3 id=\"Generate-static-files\"><a href=\"#Generate-static-files\" class=\"headerlink\" title=\"Generate static files\"></a>Generate static files</h3><figure class=\"highlight bash\"><table><tr><td class=\"gutter\"><pre><span class=\"line\">1</span><br></pre></td><td class=\"code\"><pre><span class=\"line\">$ hexo generate</span><br></pre></td></tr></table></figure>\n\n<p>More info: <a href=\"https://hexo.io/docs/generating.html\">Generating</a></p>\n<h3 id=\"Deploy-to-remote-sites\"><a href=\"#Deploy-to-remote-sites\" class=\"headerlink\" title=\"Deploy to remote sites\"></a>Deploy to remote sites</h3><figure class=\"highlight bash\"><table><tr><td class=\"gutter\"><pre><span class=\"line\">1</span><br></pre></td><td class=\"code\"><pre><span class=\"line\">$ hexo deploy</span><br></pre></td></tr></table></figure>\n\n<p>More info: <a href=\"https://hexo.io/docs/one-command-deployment.html\">Deployment</a></p>\n","excerpt":"","more":"<p>Welcome to <a href=\"https://hexo.io/\">Hexo</a>! This is your very first post. Check <a href=\"https://hexo.io/docs/\">documentation</a> for more info. If you get any problems when using Hexo, you can find the answer in <a href=\"https://hexo.io/docs/troubleshooting.html\">troubleshooting</a> or you can ask me on <a href=\"https://github.com/hexojs/hexo/issues\">GitHub</a>.</p>\n<h2 id=\"Quick-Start\"><a href=\"#Quick-Start\" class=\"headerlink\" title=\"Quick Start\"></a>Quick Start</h2><h3 id=\"Create-a-new-post\"><a href=\"#Create-a-new-post\" class=\"headerlink\" title=\"Create a new post\"></a>Create a new post</h3><figure class=\"highlight bash\"><table><tr><td class=\"gutter\"><pre><span class=\"line\">1</span><br></pre></td><td class=\"code\"><pre><span class=\"line\">$ hexo new <span class=\"string\">&quot;My New Post&quot;</span></span><br></pre></td></tr></table></figure>\n\n<p>More info: <a href=\"https://hexo.io/docs/writing.html\">Writing</a></p>\n<h3 id=\"Run-server\"><a href=\"#Run-server\" class=\"headerlink\" title=\"Run server\"></a>Run server</h3><figure class=\"highlight bash\"><table><tr><td class=\"gutter\"><pre><span class=\"line\">1</span><br></pre></td><td class=\"code\"><pre><span class=\"line\">$ hexo server</span><br></pre></td></tr></table></figure>\n\n<p>More info: <a href=\"https://hexo.io/docs/server.html\">Server</a></p>\n<h3 id=\"Generate-static-files\"><a href=\"#Generate-static-files\" class=\"headerlink\" title=\"Generate static files\"></a>Generate static files</h3><figure class=\"highlight bash\"><table><tr><td class=\"gutter\"><pre><span class=\"line\">1</span><br></pre></td><td class=\"code\"><pre><span class=\"line\">$ hexo generate</span><br></pre></td></tr></table></figure>\n\n<p>More info: <a href=\"https://hexo.io/docs/generating.html\">Generating</a></p>\n<h3 id=\"Deploy-to-remote-sites\"><a href=\"#Deploy-to-remote-sites\" class=\"headerlink\" title=\"Deploy to remote sites\"></a>Deploy to remote sites</h3><figure class=\"highlight bash\"><table><tr><td class=\"gutter\"><pre><span class=\"line\">1</span><br></pre></td><td class=\"code\"><pre><span class=\"line\">$ hexo deploy</span><br></pre></td></tr></table></figure>\n\n<p>More info: <a href=\"https://hexo.io/docs/one-command-deployment.html\">Deployment</a></p>\n"}],"PostAsset":[],"PostCategory":[],"PostTag":[],"Tag":[]}}