[
    {
       "name":"SLIIT AI/ML Engineer Stage 01",
       "url":"https://code.sliit.org/certificates/6sh8yzpumo",
       "desc":"Centre for Open and Distance Education @SLIIT"
    }, 
    {
       "name":"Fundamental of Red Hat Enterprise Linux",
       "url":"https://www.coursera.org/account/accomplishments/certificate/LAVZE7MX6HLN",
       "desc":"Red Hat @Coursera"
    },
    {
       "name":"Fundamentals of Professional Open Source Management(LFC110)",
       "url":"https://i.imgur.com/os2gj5d.png",
       "desc":"The Linux Foundation"
    }
]